1,user1,Lorem ipsum dolor sit amet consectetur adipiscing elit - 1
2,admin1,Lorem ipsum dolor sit amet consectetur adipiscing elit - 1
1,user1,Lorem ipsum dolor sit amet consectetur adipiscing elit - 2
2,admin2,Lorem ipsum dolor sit amet consectetur adipiscing elit - 2
1,user1,Lorem ipsum dolor sit amet consectetur adipiscing elit - 3
2,admin1,Lorem ipsum dolor sit amet consectetur adipiscing elit - 3
1,user1,Lorem ipsum dolor sit amet consectetur adipiscing elit - 4
2,admin2,Lorem ipsum dolor sit amet consectetur adipiscing elit - 4
1,user1,Lorem ipsum dolor sit amet consectetur adipiscing elit - 5
2,admin1,Lorem ipsum dolor sit amet consectetur adipiscing elit - 5
1,user1,Lorem ipsum dolor sit amet consectetur adipiscing elit - 6
2,admin2,Lorem ipsum dolor sit amet consectetur adipiscing elit - 6
1,user1,Lorem ipsum dolor sit amet consectetur adipiscing elit - 7
2,admin1,Lorem ipsum dolor sit amet consectetur adipiscing elit - 7
1,user1,Lorem ipsum dolor sit amet consectetur adipiscing elit - 8
2,admin2,Lorem ipsum dolor sit amet consectetur adipiscing elit - 8
1,user1,Lorem ipsum dolor sit amet consectetur adipiscing elit - 9
2,admin1,Lorem ipsum dolor sit amet consectetur adipiscing elit - 9
1,user1,Lorem ipsum dolor sit amet consectetur adipiscing elit - 10
2,admin2,Lorem ipsum dolor sit amet consectetur adipiscing elit - 10
1,user1,Lorem ipsum dolor sit amet consectetur adipiscing elit - 11
2,admin1,Lorem ipsum dolor sit amet consectetur adipiscing elit - 11
1,user1,Lorem ipsum dolor sit amet consectetur adipiscing elit - 12
2,admin2,Lorem ipsum dolor sit amet consectetur adipiscing elit - 12
1,user1,Lorem ipsum dolor sit amet consectetur adipiscing elit - 13
2,admin1,Lorem ipsum dolor sit amet consectetur adipiscing elit - 13
1,user1,Lorem ipsum dolor sit amet consectetur adipiscing elit - 14
2,admin2,Lorem ipsum dolor sit amet consectetur adipiscing elit - 14